Workbook

Sheet Arkusz Wag
A1: Zasada - wpisujesz w wagi ważność jakichś rzeczy dla Ciebie, skala od -5 do 5, wagi znormalizują się automatycznie. Jeśli coś jest dla Ciebie neutralne, dajesz zero, jeśli ma jakąś ważność, dajesz dodatnią liczbę, jeśli jest dla Ciebie do zignorowania, dajesz wartość ujemną.
A3: Wagi | B3: Aga | C3: Radek | D3: Aga norm | E3: Radek norm
A4: Edukacja | B4: 3 | C4: 2 | D4: =B4/SUM($B$4:$B$15) -> 0.12 | E4: =C4/SUM($C$4:$C$15) -> 0.076923077
A5: Dostepnosc Uslug | B5: 4 | C5: 3 | D5: =B5/SUM($B$4:$B$15) -> 0.16 | E5: =C5/SUM($C$4:$C$15) -> 0.11538462
A6: Odleglosc od Krakowa | B6: 0 | C6: 1 | D6: =B6/SUM($B$4:$B$15) -> 0 | E6: =C6/SUM($C$4:$C$15) -> 0.038461538
A7: Odleglosc od Ostroznicy | B7: 7 | C7: 2 | D7: =B7/SUM($B$4:$B$15) -> 0.28 | E7: =C7/SUM($C$4:$C$15) -> 0.076923077
A8: "Fajnosc" miejsca - rekreacyjnie | B8: 3 | C8: 7 | D8: =B8/SUM($B$4:$B$15) -> 0.12 | E8: =C8/SUM($C$4:$C$15) -> 0.26923077
A9: Cena dzialki | B9: 5 | C9: 5 | D9: =B9/SUM($B$4:$B$15) -> 0.2 | E9: =C9/SUM($C$4:$C$15) -> 0.19230769
A10: Osobiste nastawienie | B10: 2 | C10: 5 | D10: =B10/SUM($B$4:$B$15) -> 0.08 | E10: =C10/SUM($C$4:$C$15) -> 0.19230769
A11: Transport | B11: 1 | C11: 1 | D11: =B11/SUM($B$4:$B$15) -> 0.04 | E11: =C11/SUM($C$4:$C$15) -> 0.038461538
D12: =B12/SUM($B$4:$B$15) -> 0 | E12: =C12/SUM($C$4:$C$15) -> 0

Sheet Ranking Miast
A1: Tutaj oceniane są miasta po naszym uzgodnieniu od 1 do 10. Potem po przemnożeniu na dole wyskakuje ocena jaką dostało one w tej analizie
A3: Miejsce | B3: Nysa | C3: Prudnik | D3: Bielsko-Biała | E3: Racibórz | F3: Opole | G3: Pszczyna | H3: Strzelce Opolskie | I3: Świdnica | J3: Cieszyn | K3: Wadowice | L3: Chrzanów | M3: Zostan w Krakowie | N3: Gdów | O3: Debrzno | U3: Aga Norm | V3: Radek Norm
A4: Edukacja | B4: 6 | C4: 4 | D4: 9.5 | E4: 6.5 | F4: 9.2 | G4: 8.5 | H4: 6 | I4: 7 | J4: 6 | K4: 7 | L4: 8 | M4: 10 | N4: 5 | O4: 5 | T4: Edukacja | U4: ='Arkusz Wag'!D4 -> 0.12 | V4: ='Arkusz Wag'!E4 -> 0.076923077
A5: Dostepnosc Uslug | B5: 6 | C5: 5 | D5: 9 | E5: 7 | F5: 8 | G5: 7.5 | H5: 7 | I5: 8 | J5: 8.5 | K5: 8 | L5: 7.5 | M5: 10 | N5: 4 | O5: 4 | T5: Dostepnosc Uslug | U5: ='Arkusz Wag'!D5 -> 0.16 | V5: ='Arkusz Wag'!E5 -> 0.11538462
A6: Odleglosc od Krakowa | B6: 6 | C6: 6 | D6: 8 | E6: 7 | F6: 6 | G6: 8.5 | H6: 7 | I6: 4 | J6: 7 | K6: 10 | L6: 10 | M6: 10 | N6: 10 | O6: 1 | T6: Odleglosc od Krakowa | U6: ='Arkusz Wag'!D6 -> 0 | V6: ='Arkusz Wag'!E6 -> 0.038461538
A7: Odleglosc od Ostroznicy | B7: 8 | C7: 10 | D7: 0 | E7: 10 | F7: 10 | G7: 6 | H7: 10 | I7: 0 | J7: 4 | K7: 0 | L7: 0 | M7: 0 | N7: 0 | O7: 0 | T7: Odleglosc od Ostroznicy | U7: ='Arkusz Wag'!D7 -> 0.28 | V7: ='Arkusz Wag'!E7 -> 0.076923077
A8: Atrakcyjnosc miejsca | B8: 7 | C8: 5 | D8: 8 | E8: 5 | F8: 4 | G8: 7 | H8: 3 | I8: 8 | J8: 7 | K8: 8 | L8: 4 | M8: 10 | N8: 7 | O8: 10 | T8: "Fajnosc" miejsca | U8: ='Arkusz Wag'!D8 -> 0.12 | V8: ='Arkusz Wag'!E8 -> 0.26923077
A9: Cena dzialki | B9: 6 | C9: 7 | D9: 3 | E9: 6 | F9: 4 | G9: 5 | H9: 8 | I9: 7 | J9: 7 | K9: 6 | L9: 6 | M9: 1 | N9: 7 | O9: 10 | T9: Cena dzialki | U9: ='Arkusz Wag'!D9 -> 0.2 | V9: ='Arkusz Wag'!E9 -> 0.19230769
A10: Osobiste nastawienie | B10: 4 | C10: 2 | D10: 7 | E10: 3 | F10: 2 | G10: 6 | H10: 2 | I10: 7 | J10: 5 | K10: 7 | L10: 2 | M10: 8 | N10: 8 | O10: 7 | T10: Osobiste nastawienie | U10: ='Arkusz Wag'!D10 -> 0.08 | V10: ='Arkusz Wag'!E10 -> 0.19230769
A11: Transport | B11: 4 | C11: 5 | D11: 6 | E11: 6 | F11: 8 | G11: 7.5 | H11: 8 | I11: 7 | J11: 4 | K11: 5 | L11: 5 | M11: 10 | N11: 6 | O11: 5 | U11: ='Arkusz Wag'!D11 -> 0.04 | V11: ='Arkusz Wag'!E11 -> 0.038461538
A12: Czynnik 3 | U12: ='Arkusz Wag'!D12 -> 0 | V12: ='Arkusz Wag'!E12 -> 0
A18: Ocena Finalna | B18: =((SUMPRODUCT(B4:B14,$U$4:$U$14)+SUMPRODUCT(B4:B14,$V$4:$V$14))/2)^2/5 -> 7.6899078 | C18: =((SUMPRODUCT(C4:C14,$U$4:$U$14)+SUMPRODUCT(C4:C14,$V$4:$V$14))/2)^2/5 -> 6.7208634 | D18: =((SUMPRODUCT(D4:D14,$U$4:$U$14)+SUMPRODUCT(D4:D14,$V$4:$V$14))/2)^2/5 -> 6.4123457 | E18: =((SUMPRODUCT(E4:E14,$U$4:$U$14)+SUMPRODUCT(E4:E14,$V$4:$V$14))/2)^2/5 -> 7.9807034 | F18: =((SUMPRODUCT(F4:F14,$U$4:$U$14)+SUMPRODUCT(F4:F14,$V$4:$V$14))/2)^2/5 -> 7.336518 | G18: =((SUMPRODUCT(G4:G14,$U$4:$U$14)+SUMPRODUCT(G4:G14,$V$4:$V$14))/2)^2/5 -> 8.6016746 | H18: =((SUMPRODUCT(H4:H14,$U$4:$U$14)+SUMPRODUCT(H4:H14,$V$4:$V$14))/2)^2/5 -> 7.720465 | I18: =((SUMPRODUCT(I4:I14,$U$4:$U$14)+SUMPRODUCT(I4:I14,$V$4:$V$14))/2)^2/5 -> 7.261052 | ... O18: =((SUMPRODUCT(O4:O14,$U$4:$U$14)+SUMPRODUCT(O4:O14,$V$4:$V$14))/2)^2/5 -> 7.488997
